id,artifact_id,version,path,full_name
1,Database,2.0,hdfs://adc-data-hadoop/user/data_admin/Data_deps/Database-2.0.jar,Database-2.0.jar
2,HdrHistogram,2.1.12,hdfs://adc-data-hadoop/user/data_admin/Data_deps/HdrHistogram-2.1.12.jar,HdrHistogram-2.1.12.jar
3,HikariCP,2.5.1,hdfs://adc-data-hadoop/user/data_admin/Data_deps/HikariCP-2.5.1.jar,HikariCP-2.5.1.jar
4,HikariCP-java7,2.4.9,hdfs://adc-data-hadoop/user/data_admin/Data_deps/HikariCP-java7-2.4.9.jar,HikariCP-java7-2.4.9.jar
5,JedisWrapper,1.1.8,hdfs://adc-data-hadoop/user/data_admin/Data_deps/JedisWrapper-1.1.8.jar,JedisWrapper-1.1.8.jar
6,LatencyUtils,2.0.3,hdfs://adc-data-hadoop/user/data_admin/Data_deps/LatencyUtils-2.0.3.jar,LatencyUtils-2.0.3.jar
7,MediaUrl,2.0.3,hdfs://adc-data-hadoop/user/data_admin/Data_deps/MediaUrl-2.0.3.jar,MediaUrl-2.0.3.jar
8,MediaUrlWrapper,0.2.11,hdfs://adc-data-hadoop/user/data_admin/Data_deps/MediaUrlWrapper-0.2.11.jar,MediaUrlWrapper-0.2.11.jar
9,RPMUtils,1.0.6,hdfs://adc-data-hadoop/user/data_admin/Data_deps/RPMUtils-1.0.6.jar,RPMUtils-1.0.6.jar
10,RpmPredictorCommons,1.0.1,hdfs://adc-data-hadoop/user/data_admin/Data_deps/RpmPredictorCommons-1.0.1.jar,RpmPredictorCommons-1.0.1.jar
11,ST4,4.0.4,hdfs://adc-data-hadoop/user/data_admin/Data_deps/ST4-4.0.4.jar,ST4-4.0.4.jar
12,UserAgentApp,1.0.0,hdfs://adc-data-hadoop/user/data_admin/Data_deps/UserAgentApp-1.0.0.jar,UserAgentApp-1.0.0.jar
13,UserAgentDetection,2.0,hdfs://adc-data-hadoop/user/data_admin/Data_deps/UserAgentDetection-2.0.jar,UserAgentDetection-2.0.jar
14,accessors-smart,2.4.7,hdfs://adc-data-hadoop/user/data_admin/Data_deps/accessors-smart-2.4.7.jar,accessors-smart-2.4.7.jar
15,activation,1.1.1,hdfs://adc-data-hadoop/user/data_admin/Data_deps/activation-1.1.1.jar,activation-1.1.1.jar
16,aerospike-client,5.0.0,hdfs://adc-data-hadoop/user/data_admin/Data_deps/aerospike-client-5.0.0.jar,aerospike-client-5.0.0.jar
17,ant,1.9.1,hdfs://adc-data-hadoop/user/data_admin/Data_deps/ant-1.9.1.jar,ant-1.9.1.jar
18,ant-launcher,1.9.1,hdfs://adc-data-hadoop/user/data_admin/Data_deps/ant-launcher-1.9.1.jar,ant-launcher-1.9.1.jar
19,antlr-runtime,3.5.2,hdfs://adc-data-hadoop/user/data_admin/Data_deps/antlr-runtime-3.5.2.jar,antlr-runtime-3.5.2.jar
20,apache-log4j-extras,1.2.17,hdfs://adc-data-hadoop/user/data_admin/Data_deps/apache-log4j-extras-1.2.17.jar,apache-log4j-extras-1.2.17.jar
21,apacheds-i18n,2.0.0-M15,hdfs://adc-data-hadoop/user/data_admin/Data_deps/apacheds-i18n-2.0.0-M15.jar,apacheds-i18n-2.0.0-M15.jar
22,apacheds-kerberos-codec,2.0.0-M15,hdfs://adc-data-hadoop/user/data_admin/Data_deps/apacheds-kerberos-codec-2.0.0-M15.jar,apacheds-kerberos-codec-2.0.0-M15.jar
23,api-asn1-api,1.0.0-M20,hdfs://adc-data-hadoop/user/data_admin/Data_deps/api-asn1-api-1.0.0-M20.jar,api-asn1-api-1.0.0-M20.jar
24,api-util,1.0.0-M20,hdfs://adc-data-hadoop/user/data_admin/Data_deps/api-util-1.0.0-M20.jar,api-util-1.0.0-M20.jar
25,asm,9.1,hdfs://adc-data-hadoop/user/data_admin/Data_deps/asm-9.1.jar,asm-9.1.jar
26,assertj-core,1.5.0,hdfs://adc-data-hadoop/user/data_admin/Data_deps/assertj-core-1.5.0.jar,assertj-core-1.5.0.jar
27,audience-annotations-0.13.0,0.13.0,hdfs://adc-data-hadoop/user/data_admin/Data_deps/audience-annotations-0.13.0.jar,audience-annotations-0.13.0.jar
28,audience-annotations-0.5.0,0.5.0,hdfs://adc-data-hadoop/user/data_admin/Data_deps/audience-annotations-0.5.0.jar,audience-annotations-0.5.0.jar
29,avro,1.11.2,hdfs://adc-data-hadoop/user/data_admin/Data_deps/avro-1.11.2.jar,avro-1.11.2.jar
30,avro-ipc,1.11.2,hdfs://adc-data-hadoop/user/data_admin/Data_deps/avro-ipc-1.11.2.jar,avro-ipc-1.11.2.jar
31,avro-mapred,1.11.2,hdfs://adc-data-hadoop/user/data_admin/Data_deps/avro-mapred-1.11.2.jar,avro-mapred-1.11.2.jar
32,bonecp,0.8.0.RELEASE,hdfs://adc-data-hadoop/user/data_admin/Data_deps/bonecp-0.8.0.RELEASE.jar,bonecp-0.8.0.RELEASE.jar
33,caffeine,2.9.3,hdfs://adc-data-hadoop/user/data_admin/Data_deps/caffeine-2.9.3.jar,caffeine-2.9.3.jar
34,catch-exception,1.2.0,hdfs://adc-data-hadoop/user/data_admin/Data_deps/catch-exception-1.2.0.jar,catch-exception-1.2.0.jar
35,checker-qual,3.19.0,hdfs://adc-data-hadoop/user/data_admin/Data_deps/checker-qual-3.19.0.jar,checker-qual-3.19.0.jar
36,common-config-2.0.0,2.0.0,hdfs://adc-data-hadoop/user/data_admin/Data_deps/common-config-2.0.0.jar,common-config-2.0.0.jar
37,common-config-2.1.1,2.1.1,hdfs://adc-data-hadoop/user/data_admin/Data_deps/common-config-2.1.1.jar,common-config-2.1.1.jar
38,common-util,2.1.29,hdfs://adc-data-hadoop/user/data_admin/Data_deps/common-util-2.1.29.jar,common-util-2.1.29.jar
39,commons-beanutils,1.9.4,hdfs://adc-data-hadoop/user/data_admin/Data_deps/commons-beanutils-1.9.4.jar,commons-beanutils-1.9.4.jar
40,commons-cli,1.2,hdfs://adc-data-hadoop/user/data_admin/Data_deps/commons-cli-1.2.jar,commons-cli-1.2.jar
41,commons-codec-1.10,1.10,hdfs://adc-data-hadoop/user/data_admin/Data_deps/commons-codec-1.10.jar,commons-codec-1.10.jar
42,commons-codec-1.16.0,1.16.0,hdfs://adc-data-hadoop/user/data_admin/Data_deps/commons-codec-1.16.0.jar,commons-codec-1.16.0.jar
43,commons-collections,3.2.2,hdfs://adc-data-hadoop/user/data_admin/Data_deps/commons-collections-3.2.2.jar,commons-collections-3.2.2.jar
44,commons-compress,1.23.0,hdfs://adc-data-hadoop/user/data_admin/Data_deps/commons-compress-1.23.0.jar,commons-compress-1.23.0.jar
45,commons-configuration2,2.1.1,hdfs://adc-data-hadoop/user/data_admin/Data_deps/commons-configuration2-2.1.1.jar,commons-configuration2-2.1.1.jar
46,commons-crypto,1.1.0,hdfs://adc-data-hadoop/user/data_admin/Data_deps/commons-crypto-1.1.0.jar,commons-crypto-1.1.0.jar
47,commons-dbcp,1.4,hdfs://adc-data-hadoop/user/data_admin/Data_deps/commons-dbcp-1.4.jar,commons-dbcp-1.4.jar
48,commons-httpclient,3.0.1,hdfs://adc-data-hadoop/user/data_admin/Data_deps/commons-httpclient-3.0.1.jar,commons-httpclient-3.0.1.jar
49,commons-io,2.13.0,hdfs://adc-data-hadoop/user/data_admin/Data_deps/commons-io-2.13.0.jar,commons-io-2.13.0.jar
50,commons-lang,2.6,hdfs://adc-data-hadoop/user/data_admin/Data_deps/commons-lang-2.6.jar,commons-lang-2.6.jar
51,commons-lang3,3.12.0,hdfs://adc-data-hadoop/user/data_admin/Data_deps/commons-lang3-3.12.0.jar,commons-lang3-3.12.0.jar
52,commons-logging-1.1.3,1.1.3,hdfs://adc-data-hadoop/user/data_admin/Data_deps/commons-logging-1.1.3.jar,commons-logging-1.1.3.jar
53,commons-logging-1.2,1.2,hdfs://adc-data-hadoop/user/data_admin/Data_deps/commons-logging-1.2.jar,commons-logging-1.2.jar
54,commons-math3,3.6.1,hdfs://adc-data-hadoop/user/data_admin/Data_deps/commons-math3-3.6.1.jar,commons-math3-3.6.1.jar
55,commons-net,3.6,hdfs://adc-data-hadoop/user/data_admin/Data_deps/commons-net-3.6.jar,commons-net-3.6.jar
56,commons-pool,1.5.4,hdfs://adc-data-hadoop/user/data_admin/Data_deps/commons-pool-1.5.4.jar,commons-pool-1.5.4.jar
57,commons-pool2-2.11.1,2.11.1,hdfs://adc-data-hadoop/user/data_admin/Data_deps/commons-pool2-2.11.1.jar,commons-pool2-2.11.1.jar
58,commons-pool2-2.4.2,2.4.2,hdfs://adc-data-hadoop/user/data_admin/Data_deps/commons-pool2-2.4.2.jar,commons-pool2-2.4.2.jar
59,commons-text,1.10.0,hdfs://adc-data-hadoop/user/data_admin/Data_deps/commons-text-1.10.0.jar,commons-text-1.10.0.jar
60,curator-client,4.2.0,hdfs://adc-data-hadoop/user/data_admin/Data_deps/curator-client-4.2.0.jar,curator-client-4.2.0.jar
61,curator-framework,2.13.0,hdfs://adc-data-hadoop/user/data_admin/Data_deps/curator-framework-2.13.0.jar,curator-framework-2.13.0.jar
62,curator-recipes,2.13.0,hdfs://adc-data-hadoop/user/data_admin/Data_deps/curator-recipes-2.13.0.jar,curator-recipes-2.13.0.jar
63,datanucleus-api-jdo,4.2.4,hdfs://adc-data-hadoop/user/data_admin/Data_deps/datanucleus-api-jdo-4.2.4.jar,datanucleus-api-jdo-4.2.4.jar
64,datanucleus-core,4.1.17,hdfs://adc-data-hadoop/user/data_admin/Data_deps/datanucleus-core-4.1.17.jar,datanucleus-core-4.1.17.jar
65,datanucleus-rdbms,4.1.19,hdfs://adc-data-hadoop/user/data_admin/Data_deps/datanucleus-rdbms-4.1.19.jar,datanucleus-rdbms-4.1.19.jar
66,derby,10.14.2.0,hdfs://adc-data-hadoop/user/data_admin/Data_deps/derby-10.14.2.0.jar,derby-10.14.2.0.jar
67,deviceapi,2.1.1,hdfs://adc-data-hadoop/user/data_admin/Data_deps/deviceapi-2.1.1.jar,deviceapi-2.1.1.jar
68,deviceatlas-common,1.1,hdfs://adc-data-hadoop/user/data_admin/Data_deps/deviceatlas-common-1.1.jar,deviceatlas-common-1.1.jar
69,dnsjava,2.1.7,hdfs://adc-data-hadoop/user/data_admin/Data_deps/dnsjava-2.1.7.jar,dnsjava-2.1.7.jar
70,dropwizard-metrics-hadoop-metrics2-reporter,0.1.2,hdfs://adc-data-hadoop/user/data_admin/Data_deps/dropwizard-metrics-hadoop-metrics2-reporter-0.1.2.jar,dropwizard-metrics-hadoop-metrics2-reporter-0.1.2.jar
71,error_prone_annotations,2.10.0,hdfs://adc-data-hadoop/user/data_admin/Data_deps/error_prone_annotations-2.10.0.jar,error_prone_annotations-2.10.0.jar
72,etl-gson,2.2.5,hdfs://adc-data-hadoop/user/data_admin/Data_deps/etl-gson-2.2.5.jar,etl-gson-2.2.5.jar
73,flux-flock-utils,1.6,hdfs://adc-data-hadoop/user/data_admin/Data_deps/flux-flock-utils-1.6.jar,flux-flock-utils-1.6.jar
74,gcs-connector-hadoop2,2.1.3-shaded,hdfs://adc-data-hadoop/user/data_admin/Data_deps/gcs-connector-hadoop2-2.1.3-shaded.jar,gcs-connector-hadoop2-2.1.3-shaded.jar
75,gnu-crypto,2.0.1,hdfs://adc-data-hadoop/user/data_admin/Data_deps/gnu-crypto-2.0.1.jar,gnu-crypto-2.0.1.jar
76,groovy-all,2.1.6,hdfs://adc-data-hadoop/user/data_admin/Data_deps/groovy-all-2.1.6.jar,groovy-all-2.1.6.jar
77,gson-2.2.4,2.2.4,hdfs://adc-data-hadoop/user/data_admin/Data_deps/gson-2.2.4.jar,gson-2.2.4.jar
78,gson-2.8.2,2.8.2,hdfs://adc-data-hadoop/user/data_admin/Data_deps/gson-2.8.2.jar,gson-2.8.2.jar
79,gson-2.8.9,2.8.9,hdfs://adc-data-hadoop/user/data_admin/Data_deps/gson-2.8.9.jar,gson-2.8.9.jar
80,guava,16.0.1,hdfs://adc-data-hadoop/user/data_admin/Data_deps/guava-16.0.1.jar,guava-16.0.1.jar
81,hadoop-annotations,3.3.4,hdfs://adc-data-hadoop/user/data_admin/Data_deps/hadoop-annotations-3.3.4.jar,hadoop-annotations-3.3.4.jar
82,hadoop-auth-2.10.2,2.10.2,hdfs://adc-data-hadoop/user/data_admin/Data_deps/hadoop-auth-2.10.2.jar,hadoop-auth-2.10.2.jar
83,hadoop-auth-3.3.4,3.3.4,hdfs://adc-data-hadoop/user/data_admin/Data_deps/hadoop-auth-3.3.4.jar,hadoop-auth-3.3.4.jar
84,hadoop-client-api,3.3.4,hdfs://adc-data-hadoop/user/data_admin/Data_deps/hadoop-client-api-3.3.4.jar,hadoop-client-api-3.3.4.jar
85,hadoop-client-runtime,3.3.4,hdfs://adc-data-hadoop/user/data_admin/Data_deps/hadoop-client-runtime-3.3.4.jar,hadoop-client-runtime-3.3.4.jar
86,hadoop-common,3.3.4,hdfs://adc-data-hadoop/user/data_admin/Data_deps/hadoop-common-3.3.4.jar,hadoop-common-3.3.4.jar
87,hadoop-shaded-guava,1.1.1,hdfs://adc-data-hadoop/user/data_admin/Data_deps/hadoop-shaded-guava-1.1.1.jar,hadoop-shaded-guava-1.1.1.jar
88,hadoop-shaded-protobuf_3_7,1.1.1,hdfs://adc-data-hadoop/user/data_admin/Data_deps/hadoop-shaded-protobuf_3_7-1.1.1.jar,hadoop-shaded-protobuf_3_7-1.1.1.jar
89,hamcrest-all,1.1,hdfs://adc-data-hadoop/user/data_admin/Data_deps/hamcrest-all-1.1.jar,hamcrest-all-1.1.jar
90,hamcrest-core,1.3,hdfs://adc-data-hadoop/user/data_admin/Data_deps/hamcrest-core-1.3.jar,hamcrest-core-1.3.jar
91,hamcrest-library,1.3,hdfs://adc-data-hadoop/user/data_admin/Data_deps/hamcrest-library-1.3.jar,hamcrest-library-1.3.jar
92,hbase-client,2.5.3,hdfs://adc-data-hadoop/user/data_admin/Data_deps/hbase-client-2.5.3.jar,hbase-client-2.5.3.jar
93,hbase-common,2.5.3,hdfs://adc-data-hadoop/user/data_admin/Data_deps/hbase-common-2.5.3.jar,hbase-common-2.5.3.jar
94,hbase-hadoop-compat,2.5.3,hdfs://adc-data-hadoop/user/data_admin/Data_deps/hbase-hadoop-compat-2.5.3.jar,hbase-hadoop-compat-2.5.3.jar
95,hbase-hadoop2-compat,2.5.3,hdfs://adc-data-hadoop/user/data_admin/Data_deps/hbase-hadoop2-compat-2.5.3.jar,hbase-hadoop2-compat-2.5.3.jar
96,hbase-logging,2.5.3,hdfs://adc-data-hadoop/user/data_admin/Data_deps/hbase-logging-2.5.3.jar,hbase-logging-2.5.3.jar
97,hbase-metrics,2.5.3,hdfs://adc-data-hadoop/user/data_admin/Data_deps/hbase-metrics-2.5.3.jar,hbase-metrics-2.5.3.jar
98,hbase-metrics-api,2.5.3,hdfs://adc-data-hadoop/user/data_admin/Data_deps/hbase-metrics-api-2.5.3.jar,hbase-metrics-api-2.5.3.jar
99,hbase-protocol,2.5.3,hdfs://adc-data-hadoop/user/data_admin/Data_deps/hbase-protocol-2.5.3.jar,hbase-protocol-2.5.3.jar
100,hbase-protocol-shaded,2.5.3,hdfs://adc-data-hadoop/user/data_admin/Data_deps/hbase-protocol-shaded-2.5.3.jar,hbase-protocol-shaded-2.5.3.jar
101,hbase-shaded-gson,4.1.4,hdfs://adc-data-hadoop/user/data_admin/Data_deps/hbase-shaded-gson-4.1.4.jar,hbase-shaded-gson-4.1.4.jar
102,hbase-shaded-miscellaneous,4.1.4,hdfs://adc-data-hadoop/user/data_admin/Data_deps/hbase-shaded-miscellaneous-4.1.4.jar,hbase-shaded-miscellaneous-4.1.4.jar
103,hbase-shaded-netty,4.1.4,hdfs://adc-data-hadoop/user/data_admin/Data_deps/hbase-shaded-netty-4.1.4.jar,hbase-shaded-netty-4.1.4.jar
104,hbase-shaded-protobuf,4.1.4,hdfs://adc-data-hadoop/user/data_admin/Data_deps/hbase-shaded-protobuf-4.1.4.jar,hbase-shaded-protobuf-4.1.4.jar
105,hbase-unsafe,4.1.4,hdfs://adc-data-hadoop/user/data_admin/Data_deps/hbase-unsafe-4.1.4.jar,hbase-unsafe-4.1.4.jar
106,hive-ant,0.13.0,hdfs://adc-data-hadoop/user/data_admin/Data_deps/hive-ant-0.13.0.jar,hive-ant-0.13.0.jar
107,hive-common,2.3.9,hdfs://adc-data-hadoop/user/data_admin/Data_deps/hive-common-2.3.9.jar,hive-common-2.3.9.jar
108,hive-exec,2.3.9-core,hdfs://adc-data-hadoop/user/data_admin/Data_deps/hive-exec-2.3.9-core.jar,hive-exec-2.3.9-core.jar
109,hive-llap-client,2.3.9,hdfs://adc-data-hadoop/user/data_admin/Data_deps/hive-llap-client-2.3.9.jar,hive-llap-client-2.3.9.jar
110,hive-llap-common,2.3.9,hdfs://adc-data-hadoop/user/data_admin/Data_deps/hive-llap-common-2.3.9.jar,hive-llap-common-2.3.9.jar
111,hive-metastore,2.3.9,hdfs://adc-data-hadoop/user/data_admin/Data_deps/hive-metastore-2.3.9.jar,hive-metastore-2.3.9.jar
112,hive-serde,2.3.9,hdfs://adc-data-hadoop/user/data_admin/Data_deps/hive-serde-2.3.9.jar,hive-serde-2.3.9.jar
113,hive-shims-0.23,2.3.9,hdfs://adc-data-hadoop/user/data_admin/Data_deps/hive-shims-0.23-2.3.9.jar,hive-shims-0.23-2.3.9.jar
114,hive-shims,2.3.9,hdfs://adc-data-hadoop/user/data_admin/Data_deps/hive-shims-2.3.9.jar,hive-shims-2.3.9.jar
115,hive-shims-common,2.3.9,hdfs://adc-data-hadoop/user/data_admin/Data_deps/hive-shims-common-2.3.9.jar,hive-shims-common-2.3.9.jar
116,hive-shims-scheduler,2.3.9,hdfs://adc-data-hadoop/user/data_admin/Data_deps/hive-shims-scheduler-2.3.9.jar,hive-shims-scheduler-2.3.9.jar
117,hiveudf,0.1,hdfs://adc-data-hadoop/user/data_admin/Data_deps/hiveudf-0.1.jar,hiveudf-0.1.jar
118,httpclient-4.5.13,4.5.13,hdfs://adc-data-hadoop/user/data_admin/Data_deps/httpclient-4.5.13.jar,httpclient-4.5.13.jar
119,httpclient-4.5.14,4.5.14,hdfs://adc-data-hadoop/user/data_admin/Data_deps/httpclient-4.5.14.jar,httpclient-4.5.14.jar
120,httpcore-4.5.13,4.4.13,hdfs://adc-data-hadoop/user/data_admin/Data_deps/httpcore-4.4.13.jar,httpcore-4.4.13.jar
121,httpcore-4.4.16,4.4.16,hdfs://adc-data-hadoop/user/data_admin/Data_deps/httpcore-4.4.16.jar,httpcore-4.4.16.jar
122,ivy,2.5.1,hdfs://adc-data-hadoop/user/data_admin/Data_deps/ivy-2.5.1.jar,ivy-2.5.1.jar
123,jackson-annotations-2.10.0,2.10.0,hdfs://adc-data-hadoop/user/data_admin/Data_deps/jackson-annotations-2.10.0.jar,jackson-annotations-2.10.0.jar
124,jackson-annotations-2.12.3,2.12.3,hdfs://adc-data-hadoop/user/data_admin/Data_deps/jackson-annotations-2.12.3.jar,jackson-annotations-2.12.3.jar
125,jackson-annotations-2.15.2,2.15.2,hdfs://adc-data-hadoop/user/data_admin/Data_deps/jackson-annotations-2.15.2.jar,jackson-annotations-2.15.2.jar
126,jackson-core-2.10.0,2.10.0,hdfs://adc-data-hadoop/user/data_admin/Data_deps/jackson-core-2.10.0.jar,jackson-core-2.10.0.jar
127,jackson-core-2.12.3,2.12.3,hdfs://adc-data-hadoop/user/data_admin/Data_deps/jackson-core-2.12.3.jar,jackson-core-2.12.3.jar
128,jackson-core-2.13.5,2.13.5,hdfs://adc-data-hadoop/user/data_admin/Data_deps/jackson-core-2.13.5.jar,jackson-core-2.13.5.jar
129,jackson-core-asl,1.9.13,hdfs://adc-data-hadoop/user/data_admin/Data_deps/jackson-core-asl-1.9.13.jar,jackson-core-asl-1.9.13.jar
130,jackson-databind-2.12.3,2.12.3,hdfs://adc-data-hadoop/user/data_admin/Data_deps/jackson-databind-2.12.3.jar,jackson-databind-2.12.3.jar
131,jackson-databind-2.15.2,2.15.2,hdfs://adc-data-hadoop/user/data_admin/Data_deps/jackson-databind-2.15.2.jar,jackson-databind-2.15.2.jar
132,jackson-jaxrs,1.9.2,hdfs://adc-data-hadoop/user/data_admin/Data_deps/jackson-jaxrs-1.9.2.jar,jackson-jaxrs-1.9.2.jar
133,jackson-mapper-asl,1.9.13,hdfs://adc-data-hadoop/user/data_admin/Data_deps/jackson-mapper-asl-1.9.13.jar,jackson-mapper-asl-1.9.13.jar
134,jackson-xc,1.9.2,hdfs://adc-data-hadoop/user/data_admin/Data_deps/jackson-xc-1.9.2.jar,jackson-xc-1.9.2.jar
135,jakarta.activation-api,1.2.1,hdfs://adc-data-hadoop/user/data_admin/Data_deps/jakarta.activation-api-1.2.1.jar,jakarta.activation-api-1.2.1.jar
136,javax.activation-api,1.2.0,hdfs://adc-data-hadoop/user/data_admin/Data_deps/javax.activation-api-1.2.0.jar,javax.activation-api-1.2.0.jar
137,javax.jdo,3.2.0-m3,hdfs://adc-data-hadoop/user/data_admin/Data_deps/javax.jdo-3.2.0-m3.jar,javax.jdo-3.2.0-m3.jar
138,javax.servlet-api,3.1.0,hdfs://adc-data-hadoop/user/data_admin/Data_deps/javax.servlet-api-3.1.0.jar,javax.servlet-api-3.1.0.jar
139,javolution,5.5.1,hdfs://adc-data-hadoop/user/data_admin/Data_deps/javolution-5.5.1.jar,javolution-5.5.1.jar
140,jaxb-api,2.2.2,hdfs://adc-data-hadoop/user/data_admin/Data_deps/jaxb-api-2.2.2.jar,jaxb-api-2.2.2.jar
141,jaxb-impl,2.2.3-1,hdfs://adc-data-hadoop/user/data_admin/Data_deps/jaxb-impl-2.2.3-1.jar,jaxb-impl-2.2.3-1.jar
142,jbcrypt,0.4,hdfs://adc-data-hadoop/user/data_admin/Data_deps/jbcrypt-0.4.jar,jbcrypt-0.4.jar
143,jcip-annotations,1.0-1,hdfs://adc-data-hadoop/user/data_admin/Data_deps/jcip-annotations-1.0-1.jar,jcip-annotations-1.0-1.jar
144,jcodings,1.0.55,hdfs://adc-data-hadoop/user/data_admin/Data_deps/jcodings-1.0.55.jar,jcodings-1.0.55.jar
145,jdk.tools,1.8,hdfs://adc-data-hadoop/user/data_admin/Data_deps/jdk.tools-1.8.jar,jdk.tools-1.8.jar
146,jdo-api,3.0.1,hdfs://adc-data-hadoop/user/data_admin/Data_deps/jdo-api-3.0.1.jar,jdo-api-3.0.1.jar
147,jedis,2.8.1,hdfs://adc-data-hadoop/user/data_admin/Data_deps/jedis-2.8.1.jar,jedis-2.8.1.jar
148,jersey-core,1.19,hdfs://adc-data-hadoop/user/data_admin/Data_deps/jersey-core-1.19.jar,jersey-core-1.19.jar
149,jersey-json,1.19,hdfs://adc-data-hadoop/user/data_admin/Data_deps/jersey-json-1.19.jar,jersey-json-1.19.jar
150,jersey-server,1.19,hdfs://adc-data-hadoop/user/data_admin/Data_deps/jersey-server-1.19.jar,jersey-server-1.19.jar
151,jersey-servlet,1.19,hdfs://adc-data-hadoop/user/data_admin/Data_deps/jersey-servlet-1.19.jar,jersey-servlet-1.19.jar
152,jettison,1.1,hdfs://adc-data-hadoop/user/data_admin/Data_deps/jettison-1.1.jar,jettison-1.1.jar
153,jetty-http,9.4.43.v20210629,hdfs://adc-data-hadoop/user/data_admin/Data_deps/jetty-http-9.4.43.v20210629.jar,jetty-http-9.4.43.v20210629.jar
154,jetty-io,9.4.43.v20210629,hdfs://adc-data-hadoop/user/data_admin/Data_deps/jetty-io-9.4.43.v20210629.jar,jetty-io-9.4.43.v20210629.jar
155,jetty-security,9.4.43.v20210629,hdfs://adc-data-hadoop/user/data_admin/Data_deps/jetty-security-9.4.43.v20210629.jar,jetty-security-9.4.43.v20210629.jar
156,jetty-server,9.4.43.v20210629,hdfs://adc-data-hadoop/user/data_admin/Data_deps/jetty-server-9.4.43.v20210629.jar,jetty-server-9.4.43.v20210629.jar
157,jetty-servlet,9.4.43.v20210629,hdfs://adc-data-hadoop/user/data_admin/Data_deps/jetty-servlet-9.4.43.v20210629.jar,jetty-servlet-9.4.43.v20210629.jar
158,jetty-util,9.4.43.v20210629,hdfs://adc-data-hadoop/user/data_admin/Data_deps/jetty-util-9.4.43.v20210629.jar,jetty-util-9.4.43.v20210629.jar
159,jetty-util-ajax,9.4.43.v20210629,hdfs://adc-data-hadoop/user/data_admin/Data_deps/jetty-util-ajax-9.4.43.v20210629.jar,jetty-util-ajax-9.4.43.v20210629.jar
160,jetty-webapp,9.4.43.v20210629,hdfs://adc-data-hadoop/user/data_admin/Data_deps/jetty-webapp-9.4.43.v20210629.jar,jetty-webapp-9.4.43.v20210629.jar
161,jetty-xml,9.4.43.v20210629,hdfs://adc-data-hadoop/user/data_admin/Data_deps/jetty-xml-9.4.43.v20210629.jar,jetty-xml-9.4.43.v20210629.jar
162,jfxrt,jxfrt,hdfs://adc-data-hadoop/user/data_admin/Data_deps/jfxrt.jar,jfxrt.jar
163,jline,2.12,hdfs://adc-data-hadoop/user/data_admin/Data_deps/jline-2.12.jar,jline-2.12.jar
164,joda-time,2.12.5,hdfs://adc-data-hadoop/user/data_admin/Data_deps/joda-time-2.12.5.jar,joda-time-2.12.5.jar
165,jodd-core,3.5.2,hdfs://adc-data-hadoop/user/data_admin/Data_deps/jodd-core-3.5.2.jar,jodd-core-3.5.2.jar
166,joni,2.1.31,hdfs://adc-data-hadoop/user/data_admin/Data_deps/joni-2.1.31.jar,joni-2.1.31.jar
167,jopt-simple,4.9,hdfs://adc-data-hadoop/user/data_admin/Data_deps/jopt-simple-4.9.jar,jopt-simple-4.9.jar
168,jsch,0.1.55,hdfs://adc-data-hadoop/user/data_admin/Data_deps/jsch-0.1.55.jar,jsch-0.1.55.jar
169,json,1.8,hdfs://adc-data-hadoop/user/data_admin/Data_deps/json-1.8.jar,json-1.8.jar
170,json-path,2.6.0,hdfs://adc-data-hadoop/user/data_admin/Data_deps/json-path-2.6.0.jar,json-path-2.6.0.jar
171,json-simple,1.1,hdfs://adc-data-hadoop/user/data_admin/Data_deps/json-simple-1.1.jar,json-simple-1.1.jar
172,json-smart,2.4.7,hdfs://adc-data-hadoop/user/data_admin/Data_deps/json-smart-2.4.7.jar,json-smart-2.4.7.jar
173,jsoup,1.8.3,hdfs://adc-data-hadoop/user/data_admin/Data_deps/jsoup-1.8.3.jar,jsoup-1.8.3.jar
174,jsp-api,2.1,hdfs://adc-data-hadoop/user/data_admin/Data_deps/jsp-api-2.1.jar,jsp-api-2.1.jar
175,jsr305,3.0.0,hdfs://adc-data-hadoop/user/data_admin/Data_deps/jsr305-3.0.0.jar,jsr305-3.0.0.jar
176,jsr311-api,1.1.1,hdfs://adc-data-hadoop/user/data_admin/Data_deps/jsr311-api-1.1.1.jar,jsr311-api-1.1.1.jar
177,jta,1.1,hdfs://adc-data-hadoop/user/data_admin/Data_deps/jta-1.1.jar,jta-1.1.jar
178,junit,4.12,hdfs://adc-data-hadoop/user/data_admin/Data_deps/junit-4.12.jar,junit-4.12.jar
179,kafka-clients,3.4.1,hdfs://adc-data-hadoop/user/data_admin/Data_deps/kafka-clients-3.4.1.jar,kafka-clients-3.4.1.jar
180,kafka-graphite-clients,0.10.2,hdfs://adc-data-hadoop/user/data_admin/Data_deps/kafka-graphite-clients-0.10.2.jar,kafka-graphite-clients-0.10.2.jar
181,kafka-log4j-appender,0.11.0.0,hdfs://adc-data-hadoop/user/data_admin/Data_deps/kafka-log4j-appender-0.11.0.0.jar,kafka-log4j-appender-0.11.0.0.jar
182,kafka_2.11,0.10.0.1,hdfs://adc-data-hadoop/user/data_admin/Data_deps/kafka_2.11-0.10.0.1.jar,kafka_2.11-0.10.0.1.jar
183,kerb-admin,1.0.1,hdfs://adc-data-hadoop/user/data_admin/Data_deps/kerb-admin-1.0.1.jar,kerb-admin-1.0.1.jar
184,kerb-client,1.0.1,hdfs://adc-data-hadoop/user/data_admin/Data_deps/kerb-client-1.0.1.jar,kerb-client-1.0.1.jar
185,kerb-common,1.0.1,hdfs://adc-data-hadoop/user/data_admin/Data_deps/kerb-common-1.0.1.jar,kerb-common-1.0.1.jar
186,kerb-core,1.0.1,hdfs://adc-data-hadoop/user/data_admin/Data_deps/kerb-core-1.0.1.jar,kerb-core-1.0.1.jar
187,kerb-crypto,1.0.1,hdfs://adc-data-hadoop/user/data_admin/Data_deps/kerb-crypto-1.0.1.jar,kerb-crypto-1.0.1.jar
188,kerb-identity,1.0.1,hdfs://adc-data-hadoop/user/data_admin/Data_deps/kerb-identity-1.0.1.jar,kerb-identity-1.0.1.jar
189,kerb-server,1.0.1,hdfs://adc-data-hadoop/user/data_admin/Data_deps/kerb-server-1.0.1.jar,kerb-server-1.0.1.jar
190,kerb-simplekdc,1.0.1,hdfs://adc-data-hadoop/user/data_admin/Data_deps/kerb-simplekdc-1.0.1.jar,kerb-simplekdc-1.0.1.jar
191,kerb-util,1.0.1,hdfs://adc-data-hadoop/user/data_admin/Data_deps/kerb-util-1.0.1.jar,kerb-util-1.0.1.jar
192,kerby-asn1,1.0.1,hdfs://adc-data-hadoop/user/data_admin/Data_deps/kerby-asn1-1.0.1.jar,kerby-asn1-1.0.1.jar
193,kerby-config,1.0.1,hdfs://adc-data-hadoop/user/data_admin/Data_deps/kerby-config-1.0.1.jar,kerby-config-1.0.1.jar
194,kerby-pkix,1.0.1,hdfs://adc-data-hadoop/user/data_admin/Data_deps/kerby-pkix-1.0.1.jar,kerby-pkix-1.0.1.jar
195,kerby-util,1.0.1,hdfs://adc-data-hadoop/user/data_admin/Data_deps/kerby-util-1.0.1.jar,kerby-util-1.0.1.jar
196,kerby-xdr,1.0.1,hdfs://adc-data-hadoop/user/data_admin/Data_deps/kerby-xdr-1.0.1.jar,kerby-xdr-1.0.1.jar
197,libfb303,0.9.3,hdfs://adc-data-hadoop/user/data_admin/Data_deps/libfb303-0.9.3.jar,libfb303-0.9.3.jar
198,libthrift,0.12.0,hdfs://adc-data-hadoop/user/data_admin/Data_deps/libthrift-0.12.0.jar,libthrift-0.12.0.jar
199,livy-api,0.6.0-incubating,hdfs://adc-data-hadoop/user/data_admin/Data_deps/livy-api-0.6.0-incubating.jar,livy-api-0.6.0-incubating.jar
200,livy-client-http,0.6.0-incubating,hdfs://adc-data-hadoop/user/data_admin/Data_deps/livy-client-http-0.6.0-incubating.jar,livy-client-http-0.6.0-incubating.jar
201,log4j,1.2.17,hdfs://adc-data-hadoop/user/data_admin/Data_deps/log4j-1.2.17.jar,log4j-1.2.17.jar
202,log4j-api,2.11.0,hdfs://adc-data-hadoop/user/data_admin/Data_deps/log4j-api-2.11.0.jar,log4j-api-2.11.0.jar
203,log4j-core,2.11.0,hdfs://adc-data-hadoop/user/data_admin/Data_deps/log4j-core-2.11.0.jar,log4j-core-2.11.0.jar
204,luaj-jse,3.0.1,hdfs://adc-data-hadoop/user/data_admin/Data_deps/luaj-jse-3.0.1.jar,luaj-jse-3.0.1.jar
205,lz4,1.3.0,hdfs://adc-data-hadoop/user/data_admin/Data_deps/lz4-1.3.0.jar,lz4-1.3.0.jar
206,lz4-java,1.8.0,hdfs://adc-data-hadoop/user/data_admin/Data_deps/lz4-java-1.8.0.jar,lz4-java-1.8.0.jar
207,metrics-core-2.2.0,2.2.0,hdfs://adc-data-hadoop/user/data_admin/Data_deps/metrics-core-2.2.0.jar,metrics-core-2.2.0.jar
208,metrics-core-4.2.19,4.2.19,hdfs://adc-data-hadoop/user/data_admin/Data_deps/metrics-core-4.2.19.jar,metrics-core-4.2.19.jar
209,metrics-json,4.2.19,hdfs://adc-data-hadoop/user/data_admin/Data_deps/metrics-json-4.2.19.jar,metrics-json-4.2.19.jar
210,metrics-jvm,4.2.19,hdfs://adc-data-hadoop/user/data_admin/Data_deps/metrics-jvm-4.2.19.jar,metrics-jvm-4.2.19.jar
211,micrometer-commons,1.11.2,hdfs://adc-data-hadoop/user/data_admin/Data_deps/micrometer-commons-1.11.2.jar,micrometer-commons-1.11.2.jar
212,micrometer-core,1.11.2,hdfs://adc-data-hadoop/user/data_admin/Data_deps/micrometer-core-1.11.2.jar,micrometer-core-1.11.2.jar
213,micrometer-observation,1.11.2,hdfs://adc-data-hadoop/user/data_admin/Data_deps/micrometer-observation-1.11.2.jar,micrometer-observation-1.11.2.jar
214,micrometer-registry-prometheus,1.11.2,hdfs://adc-data-hadoop/user/data_admin/Data_deps/micrometer-registry-prometheus-1.11.2.jar,micrometer-registry-prometheus-1.11.2.jar
215,mockito-all,1.9.5,hdfs://adc-data-hadoop/user/data_admin/Data_deps/mockito-all-1.9.5.jar,mockito-all-1.9.5.jar
216,mockito-core,1.9.5,hdfs://adc-data-hadoop/user/data_admin/Data_deps/mockito-core-1.9.5.jar,mockito-core-1.9.5.jar
217,mssql-jdbc,7.4.1.jre8,hdfs://adc-data-hadoop/user/data_admin/Data_deps/mssql-jdbc-7.4.1.jre8.jar,mssql-jdbc-7.4.1.jre8.jar
218,mysql-connector-java,8.0.17,hdfs://adc-data-hadoop/user/data_admin/Data_deps/mysql-connector-java-8.0.17.jar,mysql-connector-java-8.0.17.jar
219,nimbus-jose-jwt-7.9,7.9,hdfs://adc-data-hadoop/user/data_admin/Data_deps/nimbus-jose-jwt-7.9.jar,nimbus-jose-jwt-7.9.jar
220,nimbus-jose-jwt-9.8.1,9.8.1,hdfs://adc-data-hadoop/user/data_admin/Data_deps/nimbus-jose-jwt-9.8.1.jar,nimbus-jose-jwt-9.8.1.jar
221,objenesis,1.3,hdfs://adc-data-hadoop/user/data_admin/Data_deps/objenesis-1.3.jar,objenesis-1.3.jar
222,opencsv,2.3,hdfs://adc-data-hadoop/user/data_admin/Data_deps/opencsv-2.3.jar,opencsv-2.3.jar
223,opentelemetry-api,1.15.0,hdfs://adc-data-hadoop/user/data_admin/Data_deps/opentelemetry-api-1.15.0.jar,opentelemetry-api-1.15.0.jar
224,opentelemetry-context,1.15.0,hdfs://adc-data-hadoop/user/data_admin/Data_deps/opentelemetry-context-1.15.0.jar,opentelemetry-context-1.15.0.jar
225,opentelemetry-semconv,1.15.0-alpha,hdfs://adc-data-hadoop/user/data_admin/Data_deps/opentelemetry-semconv-1.15.0-alpha.jar,opentelemetry-semconv-1.15.0-alpha.jar
226,pluto-codec,1.2.2,hdfs://adc-data-hadoop/user/data_admin/Data_deps/pluto-codec-1.2.2.jar,pluto-codec-1.2.2.jar
227,protobuf-java,2.5.0,hdfs://adc-data-hadoop/user/data_admin/Data_deps/protobuf-java-2.5.0.jar,protobuf-java-2.5.0.jar
228,re2j,1.1,hdfs://adc-data-hadoop/user/data_admin/Data_deps/re2j-1.1.jar,re2j-1.1.jar
229,reload4j,1.2.22,hdfs://adc-data-hadoop/user/data_admin/Data_deps/reload4j-1.2.22.jar,reload4j-1.2.22.jar
230,scala-library,2.12.18,hdfs://adc-data-hadoop/user/data_admin/Data_deps/scala-library-2.12.18.jar,scala-library-2.12.18.jar
231,scala-parser-combinators_2.11,1.0.4,hdfs://adc-data-hadoop/user/data_admin/Data_deps/scala-parser-combinators_2.11-1.0.4.jar,scala-parser-combinators_2.11-1.0.4.jar
232,scala-reflect,2.12.18,hdfs://adc-data-hadoop/user/data_admin/Data_deps/scala-reflect-2.12.18.jar,scala-reflect-2.12.18.jar
233,scala-xml_2.12,2.1.0,hdfs://adc-data-hadoop/user/data_admin/Data_deps/scala-xml_2.12-2.1.0.jar,scala-xml_2.12-2.1.0.jar
234,scalactic_2.12,3.1.1,hdfs://adc-data-hadoop/user/data_admin/Data_deps/scalactic_2.12-3.1.1.jar,scalactic_2.12-3.1.1.jar
235,scalatest_2.12,3.1.1,hdfs://adc-data-hadoop/user/data_admin/Data_deps/scalatest_2.12-3.1.1.jar,scalatest_2.12-3.1.1.jar
236,schema,1.0.14,hdfs://adc-data-hadoop/user/data_admin/Data_deps/schema-1.0.14.jar,schema-1.0.14.jar
237,schema-store,1.0.14,hdfs://adc-data-hadoop/user/data_admin/Data_deps/schema-store-1.0.14.jar,schema-store-1.0.14.jar
238,simpleclient,0.16.0,hdfs://adc-data-hadoop/user/data_admin/Data_deps/simpleclient-0.16.0.jar,simpleclient-0.16.0.jar
239,simpleclient_common,0.16.0,hdfs://adc-data-hadoop/user/data_admin/Data_deps/simpleclient_common-0.16.0.jar,simpleclient_common-0.16.0.jar
240,simpleclient_pushgateway,0.16.0,hdfs://adc-data-hadoop/user/data_admin/Data_deps/simpleclient_pushgateway-0.16.0.jar,simpleclient_pushgateway-0.16.0.jar
241,simpleclient_tracer_common,0.16.0,hdfs://adc-data-hadoop/user/data_admin/Data_deps/simpleclient_tracer_common-0.16.0.jar,simpleclient_tracer_common-0.16.0.jar
242,simpleclient_tracer_otel,0.16.0,hdfs://adc-data-hadoop/user/data_admin/Data_deps/simpleclient_tracer_otel-0.16.0.jar,simpleclient_tracer_otel-0.16.0.jar
243,simpleclient_tracer_otel_agent,0.16.0,hdfs://adc-data-hadoop/user/data_admin/Data_deps/simpleclient_tracer_otel_agent-0.16.0.jar,simpleclient_tracer_otel_agent-0.16.0.jar
244,slf4j-api-1.7.30,1.7.30,hdfs://adc-data-hadoop/user/data_admin/Data_deps/slf4j-api-1.7.30.jar,slf4j-api-1.7.30.jar
245,slf4j-api-1.7.33,1.7.33,hdfs://adc-data-hadoop/user/data_admin/Data_deps/slf4j-api-1.7.33.jar,slf4j-api-1.7.33.jar
246,slf4j-api-1.7.36,1.7.36,hdfs://adc-data-hadoop/user/data_admin/Data_deps/slf4j-api-1.7.36.jar,slf4j-api-1.7.36.jar
247,slf4j-log4j12,1.7.25,hdfs://adc-data-hadoop/user/data_admin/Data_deps/slf4j-log4j12-1.7.25.jar,slf4j-log4j12-1.7.25.jar
248,slf4j-reload4j,1.7.36,hdfs://adc-data-hadoop/user/data_admin/Data_deps/slf4j-reload4j-1.7.36.jar,slf4j-reload4j-1.7.36.jar
249,snakeyaml,1.10,hdfs://adc-data-hadoop/user/data_admin/Data_deps/snakeyaml-1.10.jar,snakeyaml-1.10.jar
250,snappy-java-1.1.10.3,1.1.10.3,hdfs://adc-data-hadoop/user/data_admin/Data_deps/snappy-java-1.1.10.3.jar,snappy-java-1.1.10.3.jar
251,snappy-java-1.1.7.3,1.1.7.3,hdfs://adc-data-hadoop/user/data_admin/Data_deps/snappy-java-1.1.7.3.jar,snappy-java-1.1.7.3.jar
252,snappy-java-1.1.8.4,1.1.8.4,hdfs://adc-data-hadoop/user/data_admin/Data_deps/snappy-java-1.1.8.4.jar,snappy-java-1.1.8.4.jar
253,spark-aes-etl,1.0.1,hdfs://adc-data-hadoop/user/data_admin/Data_deps/spark-aes-etl-1.0.1.jar,spark-aes-etl-1.0.1.jar
254,spark-bigquery-with-dependencies_2.12,0.27.1,hdfs://adc-data-hadoop/user/data_admin/Data_deps/spark-bigquery-with-dependencies_2.12-0.27.1.jar,spark-bigquery-with-dependencies_2.12-0.27.1.jar
255,spark-hive_2.12,3.5.0,hdfs://adc-data-hadoop/user/data_admin/Data_deps/spark-hive_2.12-3.5.0.jar,spark-hive_2.12-3.5.0.jar
256,spark-sql-kafka-0-10_2.12,3.5.0,hdfs://adc-data-hadoop/user/data_admin/Data_deps/spark-sql-kafka-0-10_2.12-3.5.0.jar,spark-sql-kafka-0-10_2.12-3.5.0.jar
257,spark-streaming-kafka-0-10_2.12,3.5.0,hdfs://adc-data-hadoop/user/data_admin/Data_deps/spark-streaming-kafka-0-10_2.12-3.5.0.jar,spark-streaming-kafka-0-10_2.12-3.5.0.jar
258,spark-tags_2.12,3.5.0,hdfs://adc-data-hadoop/user/data_admin/Data_deps/spark-tags_2.12-3.5.0.jar,spark-tags_2.12-3.5.0.jar
259,spark-token-provider-kafka-0-10_2.12,3.5.0,hdfs://adc-data-hadoop/user/data_admin/Data_deps/spark-token-provider-kafka-0-10_2.12-3.5.0.jar,spark-token-provider-kafka-0-10_2.12-3.5.0.jar
260,stax-api-1.0-2,1.0-2,hdfs://adc-data-hadoop/user/data_admin/Data_deps/stax-api-1.0-2.jar,stax-api-1.0-2.jar
261,stax-api-1.0.1,1.0.1,hdfs://adc-data-hadoop/user/data_admin/Data_deps/stax-api-1.0.1.jar,stax-api-1.0.1.jar
262,stax2-api,4.2.1,hdfs://adc-data-hadoop/user/data_admin/Data_deps/stax2-api-4.2.1.jar,stax2-api-4.2.1.jar
263,token-provider,1.0.1,hdfs://adc-data-hadoop/user/data_admin/Data_deps/token-provider-1.0.1.jar,token-provider-1.0.1.jar
264,tomcat-jdbc,8.0.5,hdfs://adc-data-hadoop/user/data_admin/Data_deps/tomcat-jdbc-8.0.5.jar,tomcat-jdbc-8.0.5.jar
265,tomcat-juli,8.0.5,hdfs://adc-data-hadoop/user/data_admin/Data_deps/tomcat-juli-8.0.5.jar,tomcat-juli-8.0.5.jar
266,transaction-api,1.1,hdfs://adc-data-hadoop/user/data_admin/Data_deps/transaction-api-1.1.jar,transaction-api-1.1.jar
267,ua-parser,1.3.2-dependencies,hdfs://adc-data-hadoop/user/data_admin/Data_deps/ua-parser-1.3.2-dependencies.jar,ua-parser-1.3.2-dependencies.jar
268,velocity,1.5,hdfs://adc-data-hadoop/user/data_admin/Data_deps/velocity-1.5.jar,velocity-1.5.jar
269,woodstox-core,5.3.0,hdfs://adc-data-hadoop/user/data_admin/Data_deps/woodstox-core-5.3.0.jar,woodstox-core-5.3.0.jar
270,xz,1.9,hdfs://adc-data-hadoop/user/data_admin/Data_deps/xz-1.9.jar,xz-1.9.jar
271,zkclient,0.8,hdfs://adc-data-hadoop/user/data_admin/Data_deps/zkclient-0.8.jar,zkclient-0.8.jar
272,zookeeper,3.6.3,hdfs://adc-data-hadoop/user/data_admin/Data_deps/zookeeper-3.6.3.jar,zookeeper-3.6.3.jar
273,zookeeper-jute,3.6.3,hdfs://adc-data-hadoop/user/data_admin/Data_deps/zookeeper-jute-3.6.3.jar,zookeeper-jute-3.6.3.jar
274,zstd-jni,1.5.5-4,hdfs://adc-data-hadoop/user/data_admin/Data_deps/zstd-jni-1.5.5-4.jar,zstd-jni-1.5.5-4.jar
275,spark-sql-patch,3.0,hdfs://nameservice1/user/data_admin/hadoop-styx/spark-sql-patch-3.0.jar,spark-sql-patch-3.0.jar
